{"cameraMode":{"drawMode":0,"name":"Shaded","section":"Shading Mode"},"sceneLighting":false,"audioPlay":false,"sceneViewState":{"showFog":true,"showMaterialUpdate":false,"showSkybox":false,"showFlares":true,"showImageEffects":true,"showParticleSystems":true},"in2DMode":false,"pivot":{"x":0.0,"y":0.6539895534515381,"z":-0.06028151512145996},"rotation":{"x":0.2320476919412613,"y":-0.5395853519439697,"z":0.15773695707321168,"w":0.7938117980957031},"size":2.4709672927856447,"orthographic":false}