{"cameraMode":{"drawMode":0,"name":"Shaded","section":"Shading Mode"},"sceneLighting":false,"audioPlay":false,"sceneViewState":{"showFog":true,"showMaterialUpdate":false,"showSkybox":false,"showFlares":true,"showImageEffects":true,"showParticleSystems":true},"in2DMode":false,"pivot":{"x":0.0,"y":0.6000000238418579,"z":5.710000038146973},"rotation":{"x":0.12412168085575104,"y":0.4387856423854828,"z":-0.06134139001369476,"w":0.8878644108772278},"size":0.6807264685630798,"orthographic":false}