{"cameraMode":{"drawMode":0,"name":"Shaded","section":"Shading Mode"},"sceneLighting":false,"audioPlay":false,"sceneViewState":{"showFog":true,"showMaterialUpdate":false,"showSkybox":false,"showFlares":true,"showImageEffects":true,"showParticleSystems":true},"in2DMode":false,"pivot":{"x":0.0,"y":0.6539895534515381,"z":-0.06028151512145996},"rotation":{"x":0.022371578961610795,"y":0.9315730333328247,"z":-0.05820915848016739,"w":0.3582899868488312},"size":1.8709673881530762,"orthographic":false}