{"cameraMode":{"drawMode":0,"name":"Shaded","section":"Shading Mode"},"sceneLighting":false,"audioPlay":false,"sceneViewState":{"showFog":true,"showMaterialUpdate":false,"showSkybox":false,"showFlares":true,"showImageEffects":true,"showParticleSystems":true},"in2DMode":false,"pivot":{"x":-0.1457512080669403,"y":0.8961359858512878,"z":1.5326640605926514},"rotation":{"x":-0.003459966741502285,"y":0.9947736859321594,"z":0.036431800574064258,"w":0.09577330201864243},"size":3.2347500324249269,"orthographic":false}