{"cameraMode":{"drawMode":0,"name":"Shaded","section":"Shading Mode"},"sceneLighting":false,"audioPlay":false,"sceneViewState":{"showFog":false,"showMaterialUpdate":false,"showSkybox":false,"showFlares":false,"showImageEffects":false,"showParticleSystems":false},"in2DMode":false,"pivot":{"x":0.011188983917236328,"y":2.3999998569488527,"z":0.0},"rotation":{"x":-0.3804396986961365,"y":-0.14477835595607758,"z":0.06050494313240051,"w":-0.9115185737609863},"size":8.057432174682618,"orthographic":false}