{"cameraMode":{"drawMode":0,"name":"Shaded","section":"Shading Mode"},"sceneLighting":false,"audioPlay":false,"sceneViewState":{"showFog":false,"showMaterialUpdate":false,"showSkybox":false,"showFlares":false,"showImageEffects":false,"showParticleSystems":false},"in2DMode":false,"pivot":{"x":0.0,"y":0.6539895534515381,"z":-0.06028151512145996},"rotation":{"x":0.03059007227420807,"y":-0.8281811475753784,"z":0.045930586755275729,"w":0.5580811500549316},"size":2.4709672927856447,"orthographic":false}