{"cameraMode":{"drawMode":0,"name":"Shaded","section":"Shading Mode"},"sceneLighting":false,"audioPlay":false,"sceneViewState":{"showFog":false,"showMaterialUpdate":false,"showSkybox":false,"showFlares":false,"showImageEffects":false,"showParticleSystems":false},"in2DMode":false,"pivot":{"x":89.15608215332031,"y":1.1337099075317383,"z":-83.09783172607422},"rotation":{"x":0.03059007227420807,"y":-0.8281811475753784,"z":0.045930586755275729,"w":0.5580811500549316},"size":2.6926047801971437,"orthographic":false}