{"cameraMode":{"drawMode":0,"name":"Shaded","section":"Shading Mode"},"sceneLighting":true,"audioPlay":false,"sceneViewState":{"showFog":true,"showMaterialUpdate":false,"showSkybox":true,"showFlares":true,"showImageEffects":true,"showParticleSystems":true},"in2DMode":false,"pivot":{"x":-0.006686266977339983,"y":0.3439825773239136,"z":-0.06083954498171806},"rotation":{"x":-0.191086545586586,"y":-0.02002532035112381,"z":0.0038993197958916427,"w":-0.9813610911369324},"size":10.344621658325196,"orthographic":false}