{"cameraMode":{"drawMode":0,"name":"Shaded","section":"Shading Mode"},"sceneLighting":false,"audioPlay":false,"sceneViewState":{"showFog":true,"showMaterialUpdate":false,"showSkybox":false,"showFlares":true,"showImageEffects":true,"showParticleSystems":true},"in2DMode":false,"pivot":{"x":24.5477352142334,"y":2.346437692642212,"z":14.649688720703125},"rotation":{"x":-0.28815823793411257,"y":-0.5133029818534851,"z":0.18811996281147004,"w":-0.7861922383308411},"size":4.807394981384277,"orthographic":false}