{"cameraMode":{"drawMode":0,"name":"Shaded","section":"Shading Mode"},"sceneLighting":true,"audioPlay":false,"sceneViewState":{"showFog":true,"showMaterialUpdate":false,"showSkybox":true,"showFlares":true,"showImageEffects":true,"showParticleSystems":true},"in2DMode":false,"pivot":{"x":2.91690731048584,"y":4.953985214233398,"z":7.835885047912598},"rotation":{"x":-0.10119300335645676,"y":0.02564304694533348,"z":-0.002606938825920224,"w":-0.9945511817932129},"size":13.54265022277832,"orthographic":false}