{"cameraMode":{"drawMode":0,"name":"Shaded","section":"Shading Mode"},"sceneLighting":false,"audioPlay":false,"sceneViewState":{"showFog":true,"showMaterialUpdate":false,"showSkybox":false,"showFlares":true,"showImageEffects":true,"showParticleSystems":true},"in2DMode":false,"pivot":{"x":25.020000457763673,"y":0.9499999284744263,"z":11.670000076293946},"rotation":{"x":-0.08319748193025589,"y":-0.15423139929771424,"z":0.013019773177802563,"w":-0.9844416975975037},"size":1.034746527671814,"orthographic":false}